{
  "circulating_supply": 969476867.756292,
  "total_supply": 969476867.756292
}
